5-in-1 Super Mario All-Stars/Super Mario World;Nintendo;Dec-94
"7th Saga, The";Enix;Sep-93
A.S.P.: Air Strike Patrol;Seta;Jan-95
Aaahh!!! Real Monsters;Majesco;Nov-95
ABC's Monday Night Football;Data East;Dec-93
ACME Animation Factory;Sunsoft;Nov-94
ActRaiser;Enix;Nov-91
ActRaiser 2;Enix;Nov-93
Addams Family Values;Ocean;Feb-95
"Addams Family, The";Ocean;Mar-92
"Addams Family: Pugsley's Scavenger Hunt, The";Ocean;Feb-93
"Adventure of Kid Kleets, The";Ocean;Aug-94
"Adventures of Batman & Robin, The";Konami;Dec-94
Adventures of Dr. Franken;DTMC;Dec-93
"Adventures of Rocky & Bullwinkle and Friends, The";THQ;Jun-93
Adventures of Yogi Bear;Cybersoft;Oct-94
Aero Fighters;Video System;Nov-94
Aero the Acro-bat;Sunsoft;Oct-93
Aero the Acro-bat 2;Sunsoft;Nov-94
Aerobiz;Koei;Feb-93
Aerobiz SuperSonic;Koei;Aug-94
Air Cavalry;Cybersoft;Jun-95
Al Unser Jr.'s Road To The Top;Mindscape;Nov-94
Alfred Chicken;Mindscape;Feb-94
Alien vs. Predator;Activision;Sep-93
Alien3;LJN;May-93
American Gladiators;Gametek;Apr-93
An American Tail: Fievel Goes West;Hudson Soft;Aug-94
Andre Agassi Tennis;TecMagik;May-94
Animaniacs;Konami;Nov-94
Arcade's Greatest Hits:  Atari Collection;Midway;Aug-97
Arcana;Hal America;May-92
Ardy Lightfoot;Titus;Feb-96
Arkanoid:  Doh It Again;Nintendo;Nov-97
Art of Fighting ;Takara;Dec-93
Axelay;Konami;Sep-92
B.O.B.;Electronic Arts;Jun-93
Ballz 3-D;Accolade;Nov-94
Barbie Super Model;Hi-Tech;Dec-93
Bass Masters Classic;Malibu Games;Jun-95
Bass Masters Classic:  Pro Edition;Black Pearl Software;Jul-96
Bassin's Black Bass with Hank Parker ;Hot-B;Nov-94
Batman Forever;Acclaim;Aug-95
Batman Returns;Konami;Apr-93
Battle Blaze;American Sammy;Dec-93
Battle Cars;Namco;Dec-93
Battle Clash;Nintendo;Oct-92
Battle Grand Prix;Hudson Soft;Apr-93
Battletoads & Double Dragon: The Ultimate Team;Tradewest;Oct-93
Battletoads in Battlemaniacs;Tradewest;Jun-93
Bazooka Blitzkrieg;Bandai;Nov-92
Beavis and Butt-Head;Majesco ;Nov-94
Bebe's Kids;Mandingo;Apr-94
Beethoven's 2nd ;Hi-Tech;Dec-93
Best of the Best: Championship Karate;Electro Brain;Nov-92
Big Sky Trooper;JVC;Oct-95
Biker Mice from Mars;Konami;Dec-94
Bill Laimbeer's Combat Basketball;Hudson Soft;Nov-91
Bill Walsh College Football;EA Sports;Feb-94
BioMetal;Activision;Nov-93
Blackthorne;Interplay;Sep-94
Blastris/LazerBlazer;Nintendo;Feb-92
Blazeon: The Bio-Cyborg Challenge;Atlus Software;Oct-92
"Blues Brothers, The";Titus;Jun-93
Bonkers;Capcom;Oct-94
Boogerman: A Pick and Flick Adventure;Interplay;Dec-95
Boxing Legends of the Ring;Electro Brain;Sep-93
Brain Lord;Enix;Aug-94
"Brainies, The";Titus;Apr-96
Bram Stoker's Dracula;Sony Imagesoft;Sep-93
Brandish;Koei;Feb-95
Brawl Brothers;Jaleco;Apr-93
BreakThru!;Spectrum Holobyte;Jan-95
Breath of Fire;Square Soft;Aug-94
Breath of Fire II;Capcom;Dec-95
Brett Hull Hockey;Accolade;Jan-94
Brett Hull Hockey '95;Accolade;Jan-95
Bronkie the Bronchiasaurus;Raya Systems;Sep-95
Brunswick's World Tournament of Champions;Black Pearl Software;Aug-97
Brutal: Paws of Fury;Cybersoft;Dec-94
Bubsy II;Accolade;Oct-94
Bubsy in: Claws Encounters of the Furred Kind;Accolade;May-93
Bugs Bunny Rabbit Rampage;Sunsoft;Feb-94
Bulls vs Blazers and the NBA Playoffs;EA Sports;Dec-92
Bust-A-Move;Taito Software;Mar-95
C2: Judgment Clay ;Interplay;Jan-95
Cacoma Knight in Bizyland ;Seta;Jun-93
Cal Ripken Jr. Baseball;Mindscape;Dec-92
California Games II ;DTMC;Jan-93
Cannondale Cup;American Softworks;Nov-94
Capcom's Soccer Shootout;Capcom;Jun-94
Captain America and the Avengers;Mindscape;Sep-93
Captain Commando;Capcom;Aug-95
Captain Novolin;Raya Systems;Nov-92
Carrier Aces;Cybersoft;Jan-95
Casper;Natsume;Dec-96
Castlevania - Dracula X;Konami;Sep-95
Champions World Class Soccer;Acclaim;Apr-94
Championship Pool;Majesco;Nov-93
Championship Soccer '94;Sony Imagesoft;Jun-94
Charles Barkley! Shut Up and Jam;Accolade;Jun-94
Chavez II ;American Softworks;Nov-94
"Chessmaster, The";Mindscape;Sep-91
Chester Cheetah: Too Cool to Fool;Kaneko;Dec-92
Chester Cheetah: Wild Wild Quest ;Kaneko;Mar-94
Choplifter III ;Extreme;Jan-94
Chrono Trigger;Square Soft;Aug-95
Chuck Rock;Sony Imagesoft;Nov-92
Clay Fighter;Majesco;Nov-93
Clay Fighter: Tournament Edition;Interplay;May-94
Claymates;Interplay;Mar-94
Cliffhanger;Sony Imagesoft;Oct-93
Clue;Majesco;Jul-92
College Football USA '97: The Road to New Orleans;Black Pearl Software;Dec-96
College Slam;Acclaim;Feb-96
"Combatribes, The";American Technos;Mar-93
Congo's Caper;Data East;May-93
Contra III: The Alien Wars ;Konami;Apr-92
Cool Spot;Virgin Interactive;Sep-93
Cool World ;Ocean;Feb-93
CutThroat Island;Acclaim;Mar-96
Cybernator;Konami;Apr-93
Cyberspin;Takara;Nov-92
Daffy Duck: The Marvin Missions;Sunsoft;Oct-93
Darius Twin;Taito Software;Nov-91
David Crane's Amazing Tennis;Absolute;Oct-92
"Death and Return of Superman, The";Sunsoft;Aug-94
Demolition Man;Acclaim;Aug-95
Demon's Crest;Capcom;Nov-94
Dennis the Menace;Ocean;Dec-93
Desert Strike: Return to the Gulf ;Electronic Arts;Oct-92
D-Force;Asmik;Dec-91
Dig & Spike Volleyball;Hudson Soft;Dec-93
Dinocity;Irem;Sep-92
Dirt Trax FX;Acclaim;Nov-95
Disney's Aladdin;Majesco ;Nov-93
Disney's Beauty and the Beast;Hudson Soft;Jul-94
Disney's Goof Troop;Majesco;Jul-93
Disney's The Lion King;Majesco;Oct-94
Donkey Kong Country;Nintendo;Nov-94
Donkey Kong Country 2: Diddy's Kong Quest;Nintendo;Dec-95
Donkey Kong Country 3: Dixie Kong's Double Trouble;Nintendo;Nov-96
Doom;Midway;Sep-95
Doomsday Warrior;Renovation;Mar-93
Double Dragon V: The Shadow Falls ;Tradewest;Aug-94
Dragon View ;Kemco;Nov-94
Dragon: The Bruce Lee Story;Acclaim;Jul-95
Dragon's Lair;Data East;Feb-93
Drakkhen ;Seika;Sep-91
Dream TV;Triffix;Apr-94
"Duel: Test Drive II , The";Accolade;Dec-92
Dungeon Master ;JVC;Jun-93
E.V.O.: Search for Eden;Enix;Jul-93
EarthBound;Nintendo;Jun-95
Earthworm Jim ;Playmates;Oct-94
Earthworm Jim 2;Playmates;Nov-95
Eek! The Cat;Ocean;Aug-94
Elite Soccer;Gametek;Aug-94
Emmitt Smith Football;JVC;Nov-95
Equinox ;Sony Imagesoft;Mar-94
ESPN Baseball Tonight;Sony Imagesoft;May-94
ESPN National Hockey Night;Sony Imagesoft;Dec-94
ESPN Speedworld;Sony Imagesoft;Nov-94
ESPN Sunday Night Football;Sony Imagesoft;Nov-94
Extra Innings;Sony Imagesoft;Mar-92
Eye of the Beholder ;Capcom;Apr-94
F1 Pole Position;UBI Soft;Dec-93
F1 ROC II: Race of Champions ;Seta;Jul-94
F1 ROC: Race of Champions ;Seta;Sep-92
Faceball 2000;Bullet Proof Software;Sep-92
Family Dog;Malibu Games;Jun-93
Family Feud;Majesco;Oct-93
Fatal Fury;Takara;Apr-93
Fatal Fury 2 ;Takara;Apr-94
Fatal Fury Special;Playmates;Apr-95
FIFA International Soccer;EA Sports;May-94
FIFA Soccer '96;EA Sports;Nov-95
Fighter's History;Data East;Aug-94
Final Fantasy II ;Square Soft;Nov-91
Final Fantasy III ;Square Soft;Oct-94
Final Fantasy: Mystic Quest ;Square Soft;Oct-92
Final Fight;Capcom;Sep-91
Final Fight 2 ;Capcom;Aug-93
Final Fight 3;Capcom;Jan-96
Final Fight Guy;Capcom;Jun-94
Firepower 2000;Sunsoft;Nov-92
Firestriker;DTMC;Oct-94
First Samurai ;Kemco;Jul-93
Flashback: The Quest for Identity ;US Gold;Feb-94
"Flintstones: The Movie, The";Ocean;Feb-95
"Flintstones: The Treasure of Sierra Madrock, The";Taito Software;Mar-94
Football Fury;American Sammy;Oct-93
Foreman For Real;Acclaim;Sep-95
Frank Thomas' Big Hurt Baseball;Acclaim;Nov-95
Frantic Flea;Gametek;Apr-96
Full Throttle Racing;Cybersoft;Jan-95
Fun 'N' Games;Tradewest;Aug-94
F-Zero;Nintendo;Aug-91
Gemfire;Koei;Dec-92
Genghis Khan II: Clan of the Grey Wolf ;Koei;Dec-93
George Foreman's KO Boxing;Acclaim;Sep-92
Ghoul Patrol;JVC;Nov-94
Goal!;Jaleco;Dec-92
Gods;Mindscape;Dec-92
GP-1;Atlus Software;Sep-93
GP-1: Part II;Atlus Software;Dec-94
Gradius III ;Konami;Aug-91
"Great Circus Mystery: Starring Mickey and Minnie, The";Capcom;Oct-94
"Great Waldo Search, The";THQ;Jun-93
GunForce;Irem;Nov-92
Hagane;Hudson Soft;Jun-95
HammerLock Wrestling ;Jaleco;Oct-94
Hardball III ;Accolade;Jun-94
Harley's Humongous Adventure;Hi-Tech;Feb-93
Harvest Moon;Natsume;Jun-97
Head-On Soccer;US Gold;Sep-95
Hit the Ice;Taito Software;Feb-93
Hole in One Golf;Hal America;Sep-91
Home Alone ;THQ;Dec-91
Home Alone 2: Lost in New York;THQ;Oct-92
Home Improvement;Absolute;Nov-94
Hook;Sony Imagesoft;Oct-92
"Hunt for Red October, The";Hi-Tech;Jan-93
Hurricanes;US Gold;Dec-94
Hyper V-Ball;Video System ;Jun-94
HyperZone;Hal America;Sep-91
"Ignition Factor, The";Jaleco;Jan-95
Illusion of Gaia;Nintendo;Sep-94
Imperium;Vic Tokai;Nov-92
Incantation;Titus;Dec-96
"Incredible Crash Dummies, The";LJN;Oct-93
"Incredible Hulk, The";US Gold;Aug-94
Indiana Jones' Greatest Adventures;JVC;Oct-94
Inindo: Way of the Ninja;Koei;Mar-93
Inspector Gadget;Hudson Soft;Dec-93
International Superstar Soccer;Konami;Jun-95
International Superstar Soccer Deluxe;Konami;Nov-95
International Tennis Tour;Taito Software;Nov-93
Irem Skins Game;Irem;Oct-92
"Itchy & Scratchy Game, The";Acclaim;Mar-95
Izzy's Quest for the Olympic Rings;US Gold;Nov-95
Jack Nicklaus Golf;Tradewest;May-92
James Bond Jr.;THQ;Oct-92
Jammit!;GTE;Nov-94
Jeopardy! Deluxe Edition;Majesco;Jun-94
Jeopardy! Featuring Alex Trebek;Gametek;Dec-92
Jeopardy! Sports Edition;Gametek;May-94
"Jetsons: The Invasion of the Planet Pirates, The";Taito Software;Jun-94
Jim Power: The Lost Dimension in 3-D;Electro Brain;Dec-93
Jimmy Connors Pro Tennis Tour;UBI Soft;Dec-92
Jimmy Houston's Bass Tournament USA;American Sammy;Nov-95
Joe & Mac 2: Lost in the Tropics;Data East;Apr-94
Joe & Mac: Caveman Ninjas;Data East;Jan-92
John Madden Football '93;EA Sports;Nov-92
John Madden's Football;EA Sports;Nov-91
Judge Dredd;Acclaim;Jun-95
"Jungle Book, The";Majesco;Aug-94
Jungle Strike;Electronic Arts;Jun-95
Jurassic Park;Majesco;Nov-93
Jurassic Park 2: The Chaos Continues;Ocean;Nov-94
Justice League Task Force;Acclaim;Jun-95
Kablooey;Kemco;Aug-92
Kawasaki Caribbean Challenge;Gametek;Jun-93
Kawasaki Superbike Challenge;Time Warner;Dec-95
Ken Griffey Jr. Presents: Major League Baseball;Nintendo;Mar-94
Ken Griffey Jr.'s Winning Run;Nintendo;Jun-96
Kendo Rage;Seta;Oct-93
Kid Klown in Crazy Chase;Kemco;Sep-94
Killer Instinct;Nintendo;Aug-95
King Arthur & the Knights of Justice;Enix;Jul-95
King Arthur's World;Jaleco;Mar-93
King of Dragons;Capcom;Apr-94
King of the Monsters;Takara;Oct-92
King of the Monsters II;Takara;Jun-94
Kirby Super Star;Nintendo;Sep-96
Kirby's Avalanche;Nintendo;Feb-95
Kirby's Dream Course;Nintendo;Feb-95
Kirby's Dream Land 3;Nintendo;Nov-97
Knights of the Round;Capcom;Apr-94
Krusty's Super Fun House;Acclaim;Jun-92
Kyle Petty's No Fear Racing;Midway;Apr-95
Lagoon;Seika;Dec-91
Lamborghini American Challenge;Titus;Nov-93
Last Action Hero;Sony Imagesoft;Oct-93
"Lawnmower Man, The";THQ;Nov-93
Legend;Seika;Apr-94
"Legend of the Mystical Ninja, The";Konami;Feb-92
"Legend of Zelda: A Link to the Past, The";Nintendo;Apr-92
Lemmings;Sunsoft;Mar-92
Lemmings 2: The Tribes;Psygnosis;Nov-94
Lester the Unlikely;DTMC;Jan-94
Lethal Enforcers;Konami;Jan-94
Lethal Weapon;Ocean;Dec-92
Liberty or Death ;Koei;Apr-94
Lock On;Vic Tokai;Oct-93
Looney Tunes B-Ball!;Acclaim;Feb-95
"Lord of the Rings: Volume 1 , The";Interplay;Oct-94
"Lost Vikings , The";Interplay;Apr-93
"Lost Vikings 2, The";Interplay;May-97
Lufia & The Fortress of Doom;Taito Software;Dec-93
Lufia 2: Rise of the Sinistrals;Natsume;Aug-96
Madden '96;EA Sports;Nov-95
Madden NFL '94;EA Sports;Oct-93
Madden NFL '95;EA Sports;Nov-94
Madden NFL '97;Electronic Arts;Oct-96
Madden NFL '98;THQ;Nov-97
Magic Boy;JVC;Aug-96
Magic Sword;Capcom;Aug-92
"Magical Quest starring Mickey Mouse, The";Capcom;Dec-92
Mario is Missing!;Software Toolworks;Jun-93
Mario Paint ;Nintendo;Aug-92
Mario's Early Years:  Fun with Numbers;Software Toolworks;Sep-94
Mario's Early Years: Fun with Letters ;Software Toolworks;Oct-94
Mario's Early Years: Pre-School;Mindscape;Nov-94
Mario's Time Machine;Mindscape;Dec-93
Mark Davis':  The Fishing Master;Natsume;Apr-96
Marvel Super Heroes: War of the Gems;Capcom;Nov-96
Mary Shelley's Frankenstein;Sony Imagesoft;Nov-94
"Mask, The";Black Pearl Software;Oct-95
Math Blaster: Episode 1;Davidson Assoc.;Oct-94
Maui Mallard in Cold Shadow;Nintendo;Nov-96
Mecarobot Golf;Toho;Sep-93
MechWarrior;Activision;May-93
MechWarrior 3050;Activision;Oct-95
Mega Man 7;Capcom;Sep-95
Mega Man Soccer;Capcom;Apr-94
Mega Man X ;Majesco;Jan-94
Mega Man X2;Capcom;Jan-95
Mega Man X3;Capcom;Jan-96
Metal Combat: Falcon's Revenge;Nintendo;Dec-93
Metal Marines;Namco;Dec-93
Metal Morph;FCI;Dec-94
Metal Warriors;Konami;Apr-95
Michael Andretti's Indy Car Challenge;Bullet Proof Software;Sep-94
Michael Jordan in Chaos in the Windy City;Electronic Arts;Nov-94
Mickey Mania: The Timeless Adventures of Mickey Mouse;Sony Imagesoft;Oct-94
Mickey's Ultimate Challenge;Hi-Tech;Feb-94
Micro Machines;Ocean;Dec-94
Might & Magic III: Isles of Terra;FCI;Jan-95
Mighty Max;Ocean;Feb-95
Mighty Morphin Power Rangers;Bandai;Sep-94
Mighty Morphin Power Rangers - The Movie;Bandai;Jun-95
Mighty Morphin Power Rangers Fighting Edition;Bandai;Sep-95
MLBPA Baseball;EA Sports;Mar-94
Mohawk and Headphone Jack;Black Pearl Software;Aug-96
Monopoly;Majesco;Sep-92
Mortal Kombat;Acclaim;Sep-93
Mortal Kombat II;Acclaim;Sep-94
Mortal Kombat III;Midway;Oct-95
Mountain Bike Rally;Life Fitness;Oct-94
Mr. Do!;Black Pearl Software;Dec-96
Mr. Nutz;Ocean;Aug-94
Ms. Pac Man;Midway;Sep-96
Musya: The Classic Japanese Tale of Horror;Seta;Dec-92
Mutant Chronicles: Doomtroopers;Playmates;Nov-95
Natsume Championship Wrestling;Natsume;Jun-94
NBA All-Star Challenge;LJN;Dec-92
NBA Give 'N Go;Konami;Nov-95
NBA Hang Time;Midway;Nov-96
NBA Jam;Acclaim;Mar-94
NBA Jam Tournament Edition;Acclaim;Feb-95
NBA Live '95;EA Sports;Oct-94
NBA Live '96;EA Sports;Oct-95
NBA Live '97;EA Sports;Dec-96
NBA Live '98;THQ;Mar-98
NBA Showdown;EA Sports;Oct-93
NCAA Basketball;Nintendo;Oct-92
NCAA Final Four Basketball;Mindscape;Feb-95
NCAA Football;Mindscape;Oct-94
Newman Haas' Indy Car Racing: Featuring Nigel Mansell;Acclaim;Nov-94
NFL Football;Konami;Jul-93
NFL MVP Football;Capcom;Oct-93
NFL Quarterback Club;LJN;Dec-94
NFL Quarterback Club '96;Acclaim;Nov-95
NHL '94;EA Sports;Oct-93
NHL '95;EA Sports;Nov-94
NHL '96;EA Sports;Sep-95
NHL '97;Black Pearl Software;Oct-96
NHL '98;THQ;Dec-97
NHL Stanley Cup;Nintendo;Nov-93
NHLPA Hockey '93;EA Sports;Dec-92
Nickelodeon GUTS;Viacom New Media;Nov-94
Nigel Mansell's World Championship Racing;Gametek;Jul-93
Ninja Gaiden Trilogy;Tecmo;Aug-95
"Ninja Warriors, The";Taito Software;Feb-94
No Escape;Sony Imagesoft;Nov-94
Nobunaga's Ambition;Koei;Dec-93
Nobunaga's Ambition: Lord of Darkness ;Koei;Oct-94
Nolan Ryan's Baseball;Romstar;Feb-92
Nosferatu;Seta;Oct-95
Obitus;Bullet Proof Software;Sep-94
Ogre Battle;Enix;May-95
Olympic Summer Games;Black Pearl Software;Jun-96
On the Ball;Taito Software;Nov-92
Operation Europe: Path to Victory;Koei;Jun-94
Operation Logic Bomb;Jaleco;Sep-93
Operation Thunderbolt;Taito Software;Oct-94
Oscar;Titus;Oct-96
Out of This World ;Interplay;Nov-92
Out to Lunch;Mindscape;Nov-93
Outlander;Mindscape;Apr-93
P.T.O.: II;Koei;Dec-95
P.T.O.: Pacific Theater of Operations;Koei;Sep-93
Pac-Attack;Namco;Oct-93
Pac-in-Time;Namco;Jan-95
Packy and Marlon;Raya Systems;Jun-95
Pac-Man 2: The New Adventures ;Majesco;Sep-94
"Pagemaster, The";Fox Interactive;Nov-94
Paladin's Quest ;Enix;Oct-93
Paperboy 2 ;Majesco;Nov-91
"Peace Keepers, The";Jaleco;Mar-94
PGA European Tour;Black Pearl Software;Sep-96
PGA Tour '96;Black Pearl Software;Jan-96
PGA Tour Golf;EA Sports;Mar-92
Phalanx: The Enforce Fighter A-144;Kemco;Oct-92
Phantom 2040;Viacom New Media;Jun-95
Pieces;Atlus Software;Dec-94
Pilotwings;Nintendo;Aug-91
Pinball Dreams;Gametek;Apr-94
Pinball Fantasies;Gametek;Feb-95
Pink Panther in Pink Goes to Hollywood;TecMagik;Nov-93
Pinocchio;Nintendo;Nov-96
"Pirates of Dark Water, The";Sunsoft;May-94
Pitfall: The Mayan Adventure;Majesco;Nov-94
Pit-Fighter;THQ;Mar-92
Plok;Tradewest;Sep-93
Pocky & Rocky;Natsume;Jun-93
Pocky & Rocky 2;Natsume;Nov-94
Populous;Acclaim;Sep-91
Porky Pig's Haunted Holiday;Acclaim;Oct-95
Power Instinct;Atlus Software;Dec-94
Power Moves;Kaneko;Jan-93
Power Piggs of the Dark Ages;Titus;May-96
Power Rangers Zeo:  Battle Racers;Bandai;Sep-96
Prehistorik Man;Titus;Jan-96
Primal Rage;Time Warner;Aug-95
Prince of Persia ;Konami;Nov-92
Prince of Persia 2: The Shadow and the Flame;Titus;Oct-96
Pro Quarterback;Tradewest;Dec-92
Pro Sport Hockey;Jaleco;Feb-94
Push-Over;Ocean;Dec-92
Q*Bert 3 ;NTVIC;Oct-92
Race Drivin';THQ;Oct-92
Radical Rex;Activision;Oct-94
Raiden Trad;Electro Brain;Apr-92
Rampart;Electronic Arts;Aug-92
Ranma �: Hard Battle;DTMC;Nov-93
Rap Jam: Volume One ;Mandingo;Jan-95
Realm;Titus;Dec-96
Red Line: F-1 Racer;Absolute;Sep-93
Relief Pitcher;Left Field Ent.;May-94
Ren & Stimpy Show Part II: Fire Dogs ;THQ;Jun-94
"Ren & Stimpy Show: Buckaroo$, The";THQ;Apr-95
"Ren & Stimpy Show: Time Warp, The";THQ;Nov-94
"Ren & Stimpy Show: Veediots!, The";THQ;Oct-93
Revolution X;Acclaim;Dec-95
Rex Ronan: Experimental Surgeon;Raya Systems;May-94
Riddick Bowe Boxing;Extreme;Jan-94
Rise of the Phoenix;Koei;Feb-95
Rise of the Robots;Acclaim;Dec-94
Rival Turf!;Jaleco;Apr-92
Road Riot 4WD;THQ;Nov-92
Road Runner's Death Valley Rally;Sunsoft;Nov-92
RoboCop 3 ;Ocean;Sep-92
RoboCop versus the Terminator ;Virgin Interactive;Nov-93
Robotrek;Enix;Oct-94
Rock 'N Roll Racing;Interplay;Sep-93
"Rocketeer, The";IGS;May-92
Rocko's Modern Life: Spunky's Dangerous Day;Viacom New Media;Apr-94
Rocky Rodent;Irem;Sep-93
Roger Clemens' MVP Baseball;LJN;Sep-92
Romance of the Three Kingdoms II ;Koei;May-92
Romance of the Three Kingdoms III: Dragon of Destiny;Koei;Dec-93
Romance of the Three Kingdoms IV: Wall of Fire;Koei;Jul-95
RPM Racing;Interplay;Nov-91
R-Type III: The Third Lightning;Jaleco;Oct-94
Run Saber;Atlus Software;Sep-93
S.O.S.;Vic Tokai;Apr-94
S.O.S. Sink or Swim;Titus;Jan-96
S.W.A.T. Kats: The Radical Squadron;Hudson Soft;Aug-95
Samurai Shodown;Takara;Nov-94
Saturday Night Slam Masters;Capcom;Jun-94
Scooby Doo;Majesco;Nov-95
SeaQuest: DSV;Malibu Games;Jan-95
Secret of Evermore;Square Soft;Oct-95
Secret of Mana ;Square Soft;Oct-93
Shadowrun;Data East;May-93
Shanghai II: Dragon's Eye;Activision;Feb-93
Shaq Fu;Electronic Arts;Oct-94
Shien's Revenge;Vic Tokai;Oct-94
Sid Meier's Civilization;Koei;Nov-95
Side Pocket;Data East;Dec-93
SimAnt: The Electronic Ant Colony;Maxis Software;Oct-93
SimCity ;Nintendo;Aug-91
SimCity 2000;Black Pearl Software;Nov-96
SimEarth: The Living Planet ;FCI;Feb-93
"Simpsons: Bart's Nightmare, The";Acclaim;Sep-92
"Simpsons: Virtual Bart, The";Acclaim;Sep-94
Sk�ljagger: Revolt of the Westicans;American Softworks;Oct-92
Skyblazer;Sony Imagesoft;Jan-94
SmartBall;Sony Imagesoft;Mar-92
Snow White: Happily Ever After;American Softworks;Oct-94
Soldiers of Fortune;Spectrum Holobyte;Dec-93
Sonic Blastman;Taito Software;Feb-93
Sonic Blastman 2 ;Taito Software;Nov-94
Soul Blazer ;Enix;Aug-92
Space Ace;Absolute;May-94
Space Football: One on One;Triffix;Jun-92
Space Invaders ;Nintendo;Nov-97
Space Megaforce;Toho;Oct-92
Spanky's Quest;Natsume;Jul-92
Sparkster;Konami;Oct-94
Spawn;Acclaim;Oct-95
Spectre;Cybersoft;May-94
Speed Racer: In My Most Dangerous Adventures;Accolade;Nov-94
Speedy Gonzales: Los Gatos Bandidos;Majesco;Aug-95
Spider-Man & Venom: Maximum Carnage ;Acclaim;Sep-94
Spider-Man & Venom: Separation Anxiety;Acclaim;Nov-95
Spider-Man & X-Men: Arcade's Revenge;Majesco;Nov-92
Spider-Man: The Animated Series;Acclaim;Feb-95
Spindizzy Worlds;Ascii;Mar-93
"Sporting News Baseball, The";Hudson Soft;Jun-95
Sports Illustrated: Championship Football & Baseball;Malibu Games;Feb-94
Star Fox;Nintendo;Mar-93
Star Trek: Deep Space Nine - Crossroads of Time;Playmates;Sep-95
Star Trek: Starfleet Academy (Starship Bridge Simulator);Interplay;Dec-94
Star Trek: The Next Generation;Spectrum Holobyte;Mar-94
Stargate;Acclaim;Apr-95
Steel Talons;Left Field Ent.;Nov-93
Sterling Sharpe: End 2 End;Jaleco;Mar-95
Stone Protectors;Kemco;Nov-94
Street Combat;Irem;Apr-93
Street Fighter Alpha 2;Nintendo;Nov-96
Street Fighter II Turbo: Hyper Fighting;Capcom;Aug-93
Street Fighter II: The World Warrior ;Majesco;Jul-92
Street Hockey '95;GTE;Nov-94
Street Racer;UBI Soft;Dec-94
Strike Gunner: S.T.G.;NTVIC;Aug-92
Stunt Race FX;Nintendo;Jul-94
Sunset Riders;Konami;Oct-93
Super Adventure Island ;Hudson Soft;Apr-92
Super Adventure Island II ;Hudson Soft;Oct-94
"Super Aquatic Games Starring The Aquabats, The";Seika;Oct-93
Super Baseball 2020;Tradewest;Jul-93
Super Baseball Simulator 1.000;Culture Brain;Dec-91
Super Bases Loaded ;Jaleco;Sep-91
Super Bases Loaded 2 ;Jaleco;Feb-94
Super Bases Loaded 3: License to Steal;Jaleco;Feb-95
Super Batter Up;Namco;Oct-92
Super Battleship;Majesco ;Nov-93
Super Battletank 2: War in the Gulf ;Absolute;Jan-94
Super Battletank: War in the Gulf;Absolute;Jun-92
Super Black Bass;Majesco;May-93
Super Bomberman;Hudson Soft;Sep-93
Super Bomberman 2 ;Nintendo;Sep-94
Super Bonk;Hudson Soft;Nov-94
Super Bowling;American Technos;Sep-92
Super Buster Bros.;Capcom;Oct-92
Super Caesars Palace;Majesco;Oct-93
Super Castlevania IV ;Konami;Dec-91
Super Chase HQ;Taito Software;Dec-93
Super Conflict: The Mideast;Vic Tokai;Mar-93
Super Double Dragon ;Tradewest;Oct-92
Super E.D.F.: Earth Defense Force ;Jaleco;Jan-92
Super Empire Strikes Back ;Majesco;Oct-93
Super Ghouls 'N Ghosts;Capcom;Nov-91
Super Goal! Two ;Jaleco;Apr-94
Super Godzilla;Toho;Jul-94
Super High Impact;Acclaim;Jun-93
Super James Pond;American Softworks;Jul-93
Super Mario All-Stars ;Nintendo;Aug-93
Super Mario Kart ;Nintendo;Sep-92
Super Mario RPG: Legend of the Seven Stars;Nintendo;May-96
Super Mario World ;Nintendo;Aug-91
Super Metroid;Nintendo;Apr-94
Super Ninja Boy;Culture Brain;Apr-93
Super Nova;Taito Software;Dec-93
Super Off Road;Tradewest;Dec-91
Super Off Road: The Baja;Tradewest;Sep-93
Super Pinball: Behind the Mask;Nintendo;Nov-94
Super Play Action Football;Nintendo;Aug-92
Super Punch-Out!!;Nintendo;Oct-94
Super Putty;US Gold;Nov-93
Super RBI Baseball;Time Warner;Jun-95
Super Return of the Jedi ;Majesco;Oct-94
Super R-Type;Irem;Sep-91
Super Slam Dunk;Virgin Interactive;Jul-93
Super Slap Shot;Virgin Interactive;Aug-93
Super Smash T.V.;Acclaim;Feb-92
Super Soccer;Nintendo;May-92
Super Soccer Champ;Taito Software;Jun-92
Super Solitaire;Extreme;Jan-94
Super Star Wars ;Nintendo;Nov-92
Super Street Fighter II: The New Challengers;Capcom;Jun-94
Super Strike Eagle;Microprose;Mar-93
Super Tennis;Nintendo;Nov-91
Super Troll Islands;American Softworks;Feb-94
Super Turrican;Seika;May-93
Super Turrican 2;Ocean;Nov-95
Super Valis IV ;Atlus Software;Feb-93
Super Widget;Atlus Software;Sep-93
Suzuka 8 Hours;Namco;May-94
"Syndicate, The";Ocean;Dec-95
T2: The Arcade Game ;Majesco;Feb-94
Taz-Mania;Majesco;May-93
Tecmo Secret of the Stars;Tecmo;Jul-95
Tecmo Super Baseball;Tecmo;Sep-94
Tecmo Super Bowl;Tecmo;Nov-93
Tecmo Super Bowl II: Special Edition;Tecmo;Jan-95
Tecmo Super Bowl III: The Final Edition;Tecmo;Oct-95
Tecmo Super NBA Basketball;Tecmo;Mar-93
Teenage Mutant Ninja Turtles IV: Turtles in Time ;Konami;Aug-92
Teenage Mutant Ninja Turtles: Tournament Fighters ;Konami;Dec-93
Terminator 2: Judgment Day  ;LJN;Nov-93
"Terminator, The";Mindscape;Apr-93
Tetris & Dr. Mario;Nintendo;Dec-94
Tetris 2 ;Nintendo;Aug-94
Tetris Attack;Nintendo;Aug-96
Thomas the Tank Engine & Friends;THQ;Sep-93
Three Ninjas Kick Back;Sony Imagesoft;Nov-94
Thunder Spirits;Seika;Jun-92
"Tick, The";Fox Interactive;Dec-94
Time Cop;JVC;Apr-95
Time Slip;Vic Tokai;Nov-93
Time Trax;THQ;Apr-94
Timon & Pumbaa;THQ;Nov-97
Tin Star;Nintendo;Nov-94
Tiny Toon Adventures: Buster Busts Loose!;Konami;Feb-93
Tiny Toon Adventures: Wacky Sports Challenge ;Konami;Dec-94
TKO Super Championship Boxing;Sofel;Oct-92
TNN Bass Tournament of Champions;American Softworks;Nov-94
Tom and Jerry;Hi-Tech;Apr-93
Tommy Moe's Winter Extreme: Skiing & Snowboarding;Electro Brain;Jun-94
Tony Meola's Sidekick Soccer;Electro Brain;Nov-93
Top Gear;Majesco;Apr-92
Top Gear 3000;Kemco;Feb-95
Top Gear II ;Kemco;Sep-93
Total Carnage;Malibu Games;Nov-93
Toy Story;Nintendo;Dec-95
Toys: Let the Toy Wars begin!;Absolute;Apr-93
Troddlers;Seika;Oct-93
Troy Aikman NFL Football;Tradewest;Aug-94
True Golf Classics: Pebble Beach Golf Links ;T & E Soft;Apr-92
True Golf Classics: Waialae Country Club ;T & E Soft;Nov-91
True Golf: Wicked 18;Bullet Proof Software;Oct-93
True Lies;LJN;Feb-95
Tuff E Nuff;Jaleco;Sep-93
Turn and Burn: No-Fly Zone;Absolute;Feb-94
"Twisted Tales of Spike McFang, The";Bullet Proof Software;Jun-94
U.N. Squadron;Capcom;Sep-91
Ultima VII: The Black Gate;FCI;Nov-94
Ultima: Runes of Virtue II ;FCI;Nov-94
Ultima: The False Prophet ;FCI;Apr-94
Ultimate Fighter;Culture Brain;Jun-94
Ultimate Mortal Kombat 3;Midway;Oct-96
Ultraman: Towards the Future;Bandai;Oct-91
Uncharted Waters ;Koei;Jan-93
Uncharted Waters: New Horizons ;Koei;Oct-94
Uniracers;Nintendo;Dec-94
"Untouchables, The";Ocean;Aug-94
Urban Strike;Black Pearl Software;Nov-95
Utopia: The Creation of a Nation;Jaleco;Sep-93
Vegas Stakes;Nintendo;May-93
Vortex;Electro Brain;Sep-94
Wanderers From Ys III ;American Sammy;Jan-92
War 2410 ;Advanced Productions ;Dec-95
War 3010: The Revolution;Advanced Productions;Oct-96
Wario's Woods;Nintendo;Dec-94
Warlock;LJN;Mar-95
Warp Speed;Accolade;Dec-92
Wayne Gretzky and the NHLPA All-Stars;Time Warner;Dec-95
Wayne's World;THQ;Apr-93
WCW: Super Brawl Wrestling ;FCI;Nov-94
WeaponLord;Namco;Sep-95
We're Back!: A Dinosaur's Story;Hi-Tech;Nov-93
Wheel of Fortune Deluxe! ;Majesco;Apr-94
Wheel of Fortune: Featuring Vanna White;Gametek;Sep-92
Where in the World is Carmen Sandiego?;Hi-Tech;Jun-93
Where in Time is Carmen Sandiego?;Hi-Tech;May-93
Whizz;Titus;Nov-96
Wild C.A.T.S;Playmates;Nov-95
Wild Guns;Natsume;Jul-95
Wild Snake;Spectrum Holobyte;Sep-94
Williams Arcade's Greatest Hits;Midway;Oct-96
Wing Commander;Mindscape;Nov-92
Wing Commander: The Secret Missions ;Mindscape;Sep-93
Wings 2: Aces High;Namco;Oct-92
Winter Olympic Games: Lillehammer '94;US Gold;Feb-94
"Wizard of Oz, The";Seta;Oct-93
Wizardry V: Heart of the Maelstrom;Capcom;Apr-94
Wolf Child;Virgin Interactive;Jun-93
Wolfenstein 3-D;Imagineer;Mar-94
Wolverine: Adamantium Rage;LJN;Nov-94
Wordtris;Spectrum Holobyte;Nov-92
World Cup USA '94;US Gold;Jun-94
World Heroes;Sunsoft;Sep-93
World Heroes 2 ;Takara;Sep-94
World League Soccer;Mindscape;Apr-92
World Soccer '94: Road to Glory;Atlus Software;Dec-93
WWF Raw;LJN;Nov-94
WWF Royal Rumble;LJN;Jun-93
WWF Super Wrestlemania;LJN;Mar-92
WWF Wrestlemania: The Arcade;Majesco;Nov-95
Xardion;Asmik;Apr-92
X-Kaliber 2097;Activision;Feb-94
X-Men: Mutant Apocalypse;Majesco;Nov-94
X-Zone;Kemco;Nov-92
Yoshi's Cookie;Bullet Proof Software;Jun-93
Yoshi's Island: Super Mario World 2;Nintendo;Oct-95
Yoshi's Safari;Nintendo;Sep-93
Young Merlin ;Virgin Interactive;Mar-94
Zero: The Kamikaze Squirrel;Sunsoft;Nov-94
Zombies Ate My Neighbors;Konami;Sep-93
"Zool: Ninja of the ""Nth"" Dimension";Gametek;Jan-94
Zoop;Majesco;Jan-00
